level,setting,n,k,accuracy,ci_low,ci_high
bf16,1x1x1,5005,1,59.76,58.39,61.11
bf16,20x10x10,5005,1,64.80,63.46,66.11
bf16,20x10x10,5005,3,84.24,83.20,85.22
bf16,20x10x10,5005,5,88.83,87.93,89.67
bf16,20x10x10,5005,10,91.47,90.66,92.21
int8_ao,1x1x1,5005,1,60.02,58.66,61.37
int8_ao,20x10x10,2630,1,64.30,62.45,66.11
int8_ao,20x10x10,2630,3,83.88,82.42,85.23
int8_ao,20x10x10,2630,5,88.71,87.44,89.86
int8_ao,20x10x10,2630,10,91.14,89.99,92.17
nf4,1x1x1,5005,1,57.66,56.29,59.02
nf4,20x10x10,5005,1,62.96,61.61,64.28
nf4,20x10x10,5005,3,84.16,83.12,85.14
nf4,20x10x10,5005,5,88.87,87.97,89.71
nf4,20x10x10,5005,10,92.31,91.54,93.01
fp4,1x1x1,5005,1,55.64,54.26,57.02
fp4,20x10x10,5005,1,61.84,60.48,63.17
fp4,20x10x10,5005,3,83.04,81.97,84.05
fp4,20x10x10,5005,5,88.41,87.50,89.27
fp4,20x10x10,5005,10,91.71,90.91,92.44
nf4dq,1x1x1,5005,1,57.86,56.49,59.22
nf4dq,20x10x10,5005,1,63.16,61.81,64.48
nf4dq,20x10x10,5005,3,83.98,82.93,84.97
nf4dq,20x10x10,5005,5,88.89,87.99,89.73
nf4dq,20x10x10,5005,10,92.13,91.35,92.84
